{"cameraMode":{"drawMode":0,"name":"Shaded","section":"Shading Mode"},"sceneLighting":true,"audioPlay":false,"sceneViewState":{"m_AlwaysRefresh":false,"showFog":true,"showSkybox":true,"showFlares":true,"showImageEffects":true,"showParticleSystems":true,"showVisualEffectGraphs":true,"m_FxEnabled":false},"in2DMode":false,"pivot":{"x":21.68405532836914,"y":23.502788543701173,"z":62.8430061340332},"rotation":{"x":0.010874258354306221,"y":0.9244488477706909,"z":-0.3803389370441437,"w":0.02666476182639599},"size":34.934226989746097,"orthographic":false}