{"cameraMode":{"drawMode":0,"name":"Shaded","section":"Shading Mode"},"sceneLighting":false,"audioPlay":false,"sceneViewState":{"m_AlwaysRefresh":false,"showFog":true,"showSkybox":true,"showFlares":true,"showImageEffects":true,"showParticleSystems":true,"showVisualEffectGraphs":true,"m_FxEnabled":false},"in2DMode":false,"pivot":{"x":2.719111919403076,"y":3.871676445007324,"z":0.25370121002197268},"rotation":{"x":-0.00834024790674448,"y":0.8825384974479675,"z":-0.4699530005455017,"w":-0.01560983620584011},"size":7.1421308517456059,"orthographic":false}