{"cameraMode":{"drawMode":0,"name":"Shaded","section":"Shading Mode"},"sceneLighting":false,"audioPlay":false,"sceneViewState":{"m_AlwaysRefresh":false,"showFog":false,"showSkybox":false,"showFlares":false,"showImageEffects":false,"showParticleSystems":false,"showVisualEffectGraphs":true,"m_FxEnabled":false},"in2DMode":false,"pivot":{"x":-28.434715270996095,"y":3.5391292572021486,"z":24.000255584716798},"rotation":{"x":0.004623258486390114,"y":0.8666542768478394,"z":-0.49887630343437197,"w":0.008067051880061627},"size":3.5251388549804689,"orthographic":false}