{"cameraMode":{"drawMode":0,"name":"Shaded","section":"Shading Mode"},"sceneLighting":false,"audioPlay":false,"sceneViewState":{"showFog":true,"showMaterialUpdate":false,"showSkybox":true,"showFlares":true,"showImageEffects":true,"showParticleSystems":true},"in2DMode":false,"pivot":{"x":4.239495277404785,"y":2.6820812225341799,"z":-0.4152965545654297},"rotation":{"x":0.05047234892845154,"y":0.8563990592956543,"z":-0.5067522525787354,"w":0.08532726764678955},"size":7.5479230880737309,"orthographic":false}